Date,Unemployed,Town
2024-11-01,29.95855488592404,Andover
2024-12-01,31.977243038283206,Andover
2025-01-01,45.96723814211158,Andover
2025-02-01,45.016814461228954,Andover
2025-03-01,35.93271777561272,Andover
2025-04-01,25.63599056041219,Andover
2025-05-01,38.40039708354303,Andover
2025-06-01,29.077074721316983,Andover
2025-07-01,33.429099244477314,Andover
2025-08-01,28.493740628616695,Andover
2025-09-01,25.174041353727805,Andover
2025-10-01,24.112255907807892,Andover
2024-11-01,46.29737181166647,Ashford
2024-12-01,43.015416661124554,Ashford
2025-01-01,77.59258730984907,Ashford
2025-02-01,74.3594197288418,Ashford
2025-03-01,63.60877764218172,Ashford
2025-04-01,47.207702881762785,Ashford
2025-05-01,72.19385097918823,Ashford
2025-06-01,73.33901261137265,Ashford
2025-07-01,76.9072691465266,Ashford
2025-08-01,67.05874981884676,Ashford
2025-09-01,43.816113964624144,Ashford
2025-10-01,39.83230434054435,Ashford
2024-11-01,156.33716101387495,Avon
2024-12-01,144.89706979720577,Avon
2025-01-01,167.79037064958217,Avon
2025-02-01,184.3245496463417,Avon
2025-03-01,146.93604842041213,Avon
2025-04-01,124.03225609743649,Avon
2025-05-01,162.23128084976707,Avon
2025-06-01,131.87684371650113,Avon
2025-07-01,143.10668370971365,Avon
2025-08-01,138.43399173158988,Avon
2025-09-01,128.12619689615232,Avon
2025-10-01,130.6118951648412,Avon
2024-11-01,32.1105547619233,Barkhamsted
2024-12-01,33.33229543319284,Barkhamsted
2025-01-01,53.67595560921007,Barkhamsted
2025-02-01,52.52522517708323,Barkhamsted
2025-03-01,40.4923669665841,Barkhamsted
2025-04-01,25.689198034481905,Barkhamsted
2025-05-01,32.47991216489823,Barkhamsted
2025-06-01,21.043748282063554,Barkhamsted
2025-07-01,30.746793612368347,Barkhamsted
2025-08-01,30.874638082683433,Barkhamsted
2025-09-01,23.473053616632335,Barkhamsted
2025-10-01,23.274198907174547,Barkhamsted
2024-11-01,79.89228451756273,Beacon Falls
2024-12-01,79.58271323582463,Beacon Falls
2025-01-01,101.9580120483385,Beacon Falls
2025-02-01,103.38003726498553,Beacon Falls
2025-03-01,93.02918304380913,Beacon Falls
2025-04-01,79.81489979967597,Beacon Falls
2025-05-01,86.7993243316316,Beacon Falls
2025-06-01,72.51127951153292,Beacon Falls
2025-07-01,84.19711734682923,Beacon Falls
2025-08-01,83.6360457319591,Beacon Falls
2025-09-01,77.68672282721663,Beacon Falls
2025-10-01,78.91528624914672,Beacon Falls
2024-11-01,225.59483623608097,Berlin
2024-12-01,230.12128862464243,Berlin
2025-01-01,286.1796907233696,Berlin
2025-02-01,299.987568231629,Berlin
2025-03-01,257.4205058011805,Berlin
2025-04-01,202.56000076609928,Berlin
2025-05-01,236.20988216635743,Berlin
2025-06-01,195.47355656301963,Berlin
2025-07-01,218.32683713524244,Berlin
2025-08-01,211.95657592898752,Berlin
2025-09-01,185.17578841690386,Berlin
2025-10-01,195.77316048754204,Berlin
2024-11-01,65.71420584356348,Bethany
2024-12-01,70.3469227448832,Bethany
2025-01-01,87.8203299663775,Bethany
2025-02-01,90.53820401460307,Bethany
2025-03-01,74.48889836028927,Bethany
2025-04-01,54.99817472096223,Bethany
2025-05-01,68.19576779452856,Bethany
2025-06-01,55.60112800161862,Bethany
2025-07-01,62.95171895116392,Bethany
2025-08-01,63.46057732847028,Bethany
2025-09-01,61.13097100141979,Bethany
2025-10-01,56.58747978844799,Bethany
2024-11-01,236.26064989594028,Bethel
2024-12-01,228.48266906670133,Bethel
2025-01-01,276.9322123291251,Bethel
2025-02-01,289.17748626053094,Bethel
2025-03-01,241.53697168642117,Bethel
2025-04-01,198.40916663607857,Bethel
2025-05-01,235.9248280578234,Bethel
2025-06-01,207.36869072715655,Bethel
2025-07-01,239.5191483539181,Bethel
2025-08-01,232.66072745035328,Bethel
2025-09-01,205.80132440347535,Bethel
2025-10-01,212.91638885968612,Bethel
2024-11-01,38.44405479069623,Bethlehem
2024-12-01,45.94842310160571,Bethlehem
2025-01-01,77.98620741330444,Bethlehem
2025-02-01,81.94221459100511,Bethlehem
2025-03-01,68.07694406011171,Bethlehem
2025-04-01,37.464675700741545,Bethlehem
2025-05-01,44.012726991965806,Bethlehem
2025-06-01,35.27513471583897,Bethlehem
2025-07-01,43.028204986140274,Bethlehem
2025-08-01,39.64393085390238,Bethlehem
2025-09-01,29.711605430440244,Bethlehem
2025-10-01,31.86779851333165,Bethlehem
2024-11-01,293.96688790511377,Bloomfield
2024-12-01,305.1892638821823,Bloomfield
2025-01-01,352.6633335061488,Bloomfield
2025-02-01,362.05851880269563,Bloomfield
2025-03-01,317.3521776308919,Bloomfield
2025-04-01,281.98256711428115,Bloomfield
2025-05-01,321.7035445128021,Bloomfield
2025-06-01,284.8306488141227,Bloomfield
2025-07-01,323.9106875919725,Bloomfield
2025-08-01,320.0412158924283,Bloomfield
2025-09-01,277.80626157215323,Bloomfield
2025-10-01,290.7915836618774,Bloomfield
2024-11-01,60.63691567559787,Bolton
2024-12-01,61.08453670366467,Bolton
2025-01-01,71.03263680060621,Bolton
2025-02-01,74.0658376963129,Bolton
2025-03-01,62.603380419122814,Bolton
2025-04-01,51.628631808175,Bolton
2025-05-01,62.06444057135881,Bolton
2025-06-01,56.690672172274645,Bolton
2025-07-01,61.12911087704974,Bolton
2025-08-01,59.552378971933194,Bolton
2025-09-01,54.99367735263169,Bolton
2025-10-01,55.26314727651369,Bolton
2024-11-01,27.247216306923487,Bozrah
2024-12-01,28.835819588956483,Bozrah
2025-01-01,30.90255936954874,Bozrah
2025-02-01,30.526477472099756,Bozrah
2025-03-01,24.70564170618265,Bozrah
2025-04-01,21.290191054750014,Bozrah
2025-05-01,22.91275898559795,Bozrah
2025-06-01,20.600886868998803,Bozrah
2025-07-01,23.04491000871997,Bozrah
2025-08-01,24.496109985801557,Bozrah
2025-09-01,25.075369505253697,Bozrah
2025-10-01,25.664912830046497,Bozrah
2024-11-01,24.24099472564333,Bridgewater
2024-12-01,22.602659890387784,Bridgewater
2025-01-01,31.15383968141648,Bridgewater
2025-02-01,33.496450101270945,Bridgewater
2025-03-01,28.739855532094495,Bridgewater
2025-04-01,26.73205617432499,Bridgewater
2025-05-01,30.08389771629281,Bridgewater
2025-06-01,29.127738405787145,Bridgewater
2025-07-01,29.742763567944195,Bridgewater
2025-08-01,26.56569119470099,Bridgewater
2025-09-01,26.34752986986753,Bridgewater
2025-10-01,26.202536162222202,Bridgewater
2024-11-01,190.88605482704332,Brookfield
2024-12-01,184.2380795320849,Brookfield
2025-01-01,229.05616940085076,Brookfield
2025-02-01,249.44204882851386,Brookfield
2025-03-01,205.30434801954493,Brookfield
2025-04-01,164.2738888316972,Brookfield
2025-05-01,203.44429012494183,Brookfield
2025-06-01,168.81773409763613,Brookfield
2025-07-01,195.25792620212945,Brookfield
2025-08-01,186.7011549417518,Brookfield
2025-09-01,162.70587705833918,Brookfield
2025-10-01,171.62452053167715,Brookfield
2024-11-01,79.20557316600207,Brooklyn
2024-12-01,79.07826395267747,Brooklyn
2025-01-01,117.96823720437916,Brooklyn
2025-02-01,118.42230761624305,Brooklyn
2025-03-01,96.76869210528295,Brooklyn
2025-04-01,82.90763271502163,Brooklyn
2025-05-01,109.37431062593855,Brooklyn
2025-06-01,105.12938394347533,Brooklyn
2025-07-01,117.65645916166045,Brooklyn
2025-08-01,100.3583622436154,Brooklyn
2025-09-01,79.4024441493577,Brooklyn
2025-10-01,75.74771332581838,Brooklyn
2024-11-01,116.82828315980129,Burlington
2024-12-01,117.34552068878348,Burlington
2025-01-01,155.8992098923151,Burlington
2025-02-01,163.68481921776697,Burlington
2025-03-01,141.96799297186172,Burlington
2025-04-01,116.81688497079868,Burlington
2025-05-01,134.85085581412096,Burlington
2025-06-01,126.30501361359104,Burlington
2025-07-01,133.45783757099295,Burlington
2025-08-01,114.83145993899217,Burlington
2025-09-01,103.81871204758701,Burlington
2025-10-01,100.95760924594269,Burlington
2024-11-01,5.3734816866429345,Canaan
2024-12-01,7.1631080889504855,Canaan
2025-01-01,11.080055609619274,Canaan
2025-02-01,15.098155952327183,Canaan
2025-03-01,12.576598343941669,Canaan
2025-04-01,3.6061608083696477,Canaan
2025-05-01,6.588871478882234,Canaan
2025-06-01,3.628466332403913,Canaan
2025-07-01,6.690024300921353,Canaan
2025-08-01,6.768871598926209,Canaan
2025-09-01,2.8742296022916847,Canaan
2025-10-01,2.8742296022916842,Canaan
2024-11-01,66.66104863186918,Canterbury
2024-12-01,69.41792726307403,Canterbury
2025-01-01,83.58089258035156,Canterbury
2025-02-01,93.8831302594383,Canterbury
2025-03-01,80.86169924093795,Canterbury
2025-04-01,61.511814056915384,Canterbury
2025-05-01,80.88807894519182,Canterbury
2025-06-01,67.81765704736286,Canterbury
2025-07-01,73.30880313469783,Canterbury
2025-08-01,72.06175001890517,Canterbury
2025-09-01,68.72279865077437,Canterbury
2025-10-01,66.58944657746584,Canterbury
2024-11-01,89.64580786263355,Canton
2024-12-01,84.61800281790703,Canton
2025-01-01,105.94148179700125,Canton
2025-02-01,114.5332029251652,Canton
2025-03-01,93.12402083334734,Canton
2025-04-01,75.0010114991337,Canton
2025-05-01,98.12845230187651,Canton
2025-06-01,81.06692953006613,Canton
2025-07-01,86.18043768751627,Canton
2025-08-01,82.73338948506559,Canton
2025-09-01,78.59840436583009,Canton
2025-10-01,76.96310917909378,Canton
2024-11-01,21.53209762144872,Chaplin
2024-12-01,25.94968846542698,Chaplin
2025-01-01,42.84700501028074,Chaplin
2025-02-01,42.735304462001245,Chaplin
2025-03-01,39.00456857817994,Chaplin
2025-04-01,30.285596285192348,Chaplin
2025-05-01,44.221427528948084,Chaplin
2025-06-01,37.822741483968485,Chaplin
2025-07-01,37.28435512934509,Chaplin
2025-08-01,32.57587631759246,Chaplin
2025-09-01,25.405536616081346,Chaplin
2025-10-01,21.23136043739433,Chaplin
2024-11-01,251.65049242593517,Cheshire
2024-12-01,229.3504083021849,Cheshire
2025-01-01,290.88754535480876,Cheshire
2025-02-01,316.5878817324501,Cheshire
2025-03-01,252.81259232477464,Cheshire
2025-04-01,199.96281871644595,Cheshire
2025-05-01,265.09019357064005,Cheshire
2025-06-01,209.08463911281913,Cheshire
2025-07-01,230.05216650936413,Cheshire
2025-08-01,219.78000425315543,Cheshire
2025-09-01,202.54588823872996,Cheshire
2025-10-01,206.75147897639664,Cheshire
2024-11-01,41.330970679255245,Chester
2024-12-01,42.93219534957119,Chester
2025-01-01,55.82670950491655,Chester
2025-02-01,52.654001703619436,Chester
2025-03-01,43.7736634727426,Chester
2025-04-01,35.4211599079141,Chester
2025-05-01,48.66656210169471,Chester
2025-06-01,37.74789176085336,Chester
2025-07-01,40.83438016093715,Chester
2025-08-01,39.67026293026978,Chester
2025-09-01,34.283778999790535,Chester
2025-10-01,35.15649127069219,Chester
2024-11-01,145.98524690006693,Clinton
2024-12-01,153.40282844020757,Clinton
2025-01-01,198.68368865974452,Clinton
2025-02-01,206.51445335888425,Clinton
2025-03-01,168.9047260813626,Clinton
2025-04-01,143.79770593620398,Clinton
2025-05-01,160.83570383471348,Clinton
2025-06-01,138.26274242294534,Clinton
2025-07-01,150.47321382895083,Clinton
2025-08-01,152.73049092171422,Clinton
2025-09-01,139.49090474207216,Clinton
2025-10-01,143.4192188885625,Clinton
2024-11-01,159.3151619790621,Colchester
2024-12-01,151.33045439887866,Colchester
2025-01-01,219.7462948233806,Colchester
2025-02-01,233.88926035408318,Colchester
2025-03-01,185.60602053307792,Colchester
2025-04-01,147.71418734986787,Colchester
2025-05-01,174.47895312954032,Colchester
2025-06-01,131.54164953988214,Colchester
2025-07-01,146.21167021342836,Colchester
2025-08-01,139.58353690688892,Colchester
2025-09-01,128.11547406194606,Colchester
2025-10-01,130.3894663583372,Colchester
2024-11-01,16.219772190561006,Colebrook
2024-12-01,21.009751149226876,Colebrook
2025-01-01,31.22403504934412,Colebrook
2025-02-01,30.887449985841528,Colebrook
2025-03-01,30.391560666895778,Colebrook
2025-04-01,23.914457611261433,Colebrook
2025-05-01,22.443800653439755,Colebrook
2025-06-01,22.08347493762042,Colebrook
2025-07-01,27.863469554607455,Colebrook
2025-08-01,23.932722420983573,Colebrook
2025-09-01,17.63177932562008,Colebrook
2025-10-01,17.751955434221042,Colebrook
2024-11-01,45.397152982954644,Columbia
2024-12-01,46.99756114483415,Columbia
2025-01-01,67.60642278873725,Columbia
2025-02-01,72.70814438102205,Columbia
2025-03-01,57.01750189811782,Columbia
2025-04-01,35.79963562267673,Columbia
2025-05-01,48.84612669017244,Columbia
2025-06-01,38.69502322879036,Columbia
2025-07-01,39.49060909886063,Columbia
2025-08-01,38.46841749605588,Columbia
2025-09-01,29.712668114543085,Columbia
2025-10-01,28.904767015487522,Columbia
2024-11-01,11.016111912751311,Cornwall
2024-12-01,10.254212680750966,Cornwall
2025-01-01,13.27687933570197,Cornwall
2025-02-01,14.32861103480808,Cornwall
2025-03-01,11.167559330278012,Cornwall
2025-04-01,11.066054527516997,Cornwall
2025-05-01,14.141092094774661,Cornwall
2025-06-01,10.889516744984828,Cornwall
2025-07-01,13.01952813117133,Cornwall
2025-08-01,11.463769560813546,Cornwall
2025-09-01,9.438420474979806,Cornwall
2025-10-01,9.235124479277012,Cornwall
2024-11-01,139.0655362474185,Coventry
2024-12-01,161.74028549756935,Coventry
2025-01-01,249.75619807285145,Coventry
2025-02-01,247.3906136536085,Coventry
2025-03-01,223.30589116334028,Coventry
2025-04-01,159.80532442887758,Coventry
2025-05-01,208.7245931747762,Coventry
2025-06-01,197.54107674409386,Coventry
2025-07-01,215.13243709691446,Coventry
2025-08-01,185.10453932319805,Coventry
2025-09-01,130.77319522681384,Coventry
2025-10-01,129.01520203959257,Coventry
2024-11-01,143.93067821949217,Cromwell
2024-12-01,149.90961953275928,Cromwell
2025-01-01,224.1256621113256,Cromwell
2025-02-01,214.72415436406806,Cromwell
2025-03-01,187.81381107162775,Cromwell
2025-04-01,145.50143670994453,Cromwell
2025-05-01,196.25498971560432,Cromwell
2025-06-01,190.38782885128532,Cromwell
2025-07-01,189.29469990513581,Cromwell
2025-08-01,156.0086658089854,Cromwell
2025-09-01,143.57923684154423,Cromwell
2025-10-01,140.6979603338211,Cromwell
2024-11-01,173.08662172802198,Darien
2024-12-01,148.9998076751582,Darien
2025-01-01,179.16348655066182,Darien
2025-02-01,199.22506711779516,Darien
2025-03-01,141.86452441927185,Darien
2025-04-01,111.20841053342758,Darien
2025-05-01,178.98378696073962,Darien
2025-06-01,141.41751583222788,Darien
2025-07-01,154.13274812489027,Darien
2025-08-01,137.5259368450583,Darien
2025-09-01,128.22390952385916,Darien
2025-10-01,133.26089768341,Darien
2024-11-01,38.5138071448327,Deep River
2024-12-01,38.311071027058574,Deep River
2025-01-01,88.04089120828053,Deep River
2025-02-01,83.70589297280515,Deep River
2025-03-01,68.15264422763966,Deep River
2025-04-01,49.101450892086824,Deep River
2025-05-01,59.46376059226924,Deep River
2025-06-01,54.428666797507596,Deep River
2025-07-01,54.27503021574352,Deep River
2025-08-01,46.83073802355422,Deep River
2025-09-01,39.07103766153425,Deep River
2025-10-01,39.30395898753005,Deep River
2024-11-01,68.4137802780887,Durham
2024-12-01,62.87970923028487,Durham
2025-01-01,100.4846252505921,Durham
2025-02-01,97.39867727857961,Durham
2025-03-01,82.29969639967437,Durham
2025-04-01,69.67101241545325,Durham
2025-05-01,90.42045607984936,Durham
2025-06-01,91.79760390468972,Durham
2025-07-01,90.83984683218756,Durham
2025-08-01,79.02554620339318,Durham
2025-09-01,66.92211534560782,Durham
2025-10-01,66.2187510571963,Durham
2024-11-01,13.061327349433192,Eastford
2024-12-01,13.272250080423486,Eastford
2025-01-01,22.780226157352637,Eastford
2025-02-01,23.5377391686426,Eastford
2025-03-01,22.2301797134009,Eastford
2025-04-01,17.24798400544438,Eastford
2025-05-01,21.73157011766098,Eastford
2025-06-01,18.548983307664198,Eastford
2025-07-01,19.166618175671296,Eastford
2025-08-01,15.618512282162346,Eastford
2025-09-01,12.642126999535499,Eastford
2025-10-01,12.856361242006884,Eastford
2024-11-01,75.78253281017663,East Haddam
2024-12-01,69.71140622652065,East Haddam
2025-01-01,133.22428727612254,East Haddam
2025-02-01,127.90320092478254,East Haddam
2025-03-01,103.86748034467001,East Haddam
2025-04-01,86.71218063034091,East Haddam
2025-05-01,108.1936046095446,East Haddam
2025-06-01,107.25441365889337,East Haddam
2025-07-01,112.01661260270502,East Haddam
2025-08-01,93.34680088098872,East Haddam
2025-09-01,73.9783573402741,East Haddam
2025-10-01,71.90950608604545,East Haddam
2024-11-01,130.61424950238688,East Hampton
2024-12-01,131.8236404072889,East Hampton
2025-01-01,224.09916905605672,East Hampton
2025-02-01,212.34216150355158,East Hampton
2025-03-01,182.5508426441862,East Hampton
2025-04-01,143.79884708523946,East Hampton
2025-05-01,175.38920074582785,East Hampton
2025-06-01,182.3838715749896,East Hampton
2025-07-01,203.7214351979104,East Hampton
2025-08-01,174.6590896887247,East Hampton
2025-09-01,139.37182706049907,East Hampton
2025-10-01,134.19626944814647,East Hampton
2024-11-01,417.59856934171955,East Haven
2024-12-01,412.63992059591135,East Haven
2025-01-01,514.1240308984626,East Haven
2025-02-01,542.9040621943869,East Haven
2025-03-01,470.1150686561042,East Haven
2025-04-01,400.56802482486734,East Haven
2025-05-01,449.9370380270139,East Haven
2025-06-01,363.8015024408297,East Haven
2025-07-01,435.44862860225805,East Haven
2025-08-01,435.36864561764014,East Haven
2025-09-01,375.66583692794376,East Haven
2025-10-01,383.30815964477983,East Haven
2024-11-01,70.9969556035479,Easton
2024-12-01,66.68888701054696,Easton
2025-01-01,72.99050002332758,Easton
2025-02-01,80.95847029574557,Easton
2025-03-01,61.96236688062647,Easton
2025-04-01,59.02140688336601,Easton
2025-05-01,74.62643582403919,Easton
2025-06-01,63.20654815932381,Easton
2025-07-01,67.57794263285653,Easton
2025-08-01,64.07014824806822,Easton
2025-09-01,58.62965236135173,Easton
2025-10-01,56.0133965615533,Easton
2024-11-01,181.2808862090132,Ellington
2024-12-01,193.66074258502348,Ellington
2025-01-01,290.5025021409364,Ellington
2025-02-01,294.20188224546547,Ellington
2025-03-01,257.98305190319377,Ellington
2025-04-01,203.0657592208588,Ellington
2025-05-01,250.70410799974127,Ellington
2025-06-01,232.70398289694106,Ellington
2025-07-01,238.82501085354176,Ellington
2025-08-01,197.2530690527927,Ellington
2025-09-01,179.66565449342067,Ellington
2025-10-01,174.17086756132437,Ellington
2024-11-01,455.3425854526755,Enfield
2024-12-01,444.59742516703255,Enfield
2025-01-01,634.307324870159,Enfield
2025-02-01,634.7608353994768,Enfield
2025-03-01,538.8562304002185,Enfield
2025-04-01,490.393851192052,Enfield
2025-05-01,599.2511151637171,Enfield
2025-06-01,543.6467972113006,Enfield
2025-07-01,604.935906861674,Enfield
2025-08-01,532.659963637252,Enfield
2025-09-01,433.2616082376985,Enfield
2025-10-01,425.7551477959221,Enfield
2024-11-01,43.81889612621909,Essex
2024-12-01,44.17765231490897,Essex
2025-01-01,69.67452638237938,Essex
2025-02-01,81.00816738829957,Essex
2025-03-01,66.40361124909998,Essex
2025-04-01,41.624249559009314,Essex
2025-05-01,64.77826804593252,Essex
2025-06-01,45.21511540827112,Essex
2025-07-01,47.281781689087914,Essex
2025-08-01,41.68823970220579,Essex
2025-09-01,39.3049266677696,Essex
2025-10-01,37.174270243756325,Essex
2024-11-01,261.81691461077656,Farmington
2024-12-01,245.4763901224511,Farmington
2025-01-01,294.28639813114836,Farmington
2025-02-01,321.18907869987805,Farmington
2025-03-01,258.8403568347291,Farmington
2025-04-01,206.272939095712,Farmington
2025-05-01,255.0047958174073,Farmington
2025-06-01,210.04626585574226,Farmington
2025-07-01,228.2162669063693,Farmington
2025-08-01,222.6086987220224,Farmington
2025-09-01,219.42686108899616,Farmington
2025-10-01,236.22899670384686,Farmington
2024-11-01,23.135008917019817,Franklin
2024-12-01,25.521061019116893,Franklin
2025-01-01,32.76224221957838,Franklin
2025-02-01,34.228046684884895,Franklin
2025-03-01,28.224670343240398,Franklin
2025-04-01,22.906223839289055,Franklin
2025-05-01,29.78675222995706,Franklin
2025-06-01,30.716337861099568,Franklin
2025-07-01,31.338452533100885,Franklin
2025-08-01,26.763629001214426,Franklin
2025-09-01,22.756318708073138,Franklin
2025-10-01,20.848742951356364,Franklin
2024-11-01,311.9510327331031,Glastonbury
2024-12-01,284.7311732845627,Glastonbury
2025-01-01,349.289156861479,Glastonbury
2025-02-01,375.4435070855474,Glastonbury
2025-03-01,291.6869588211657,Glastonbury
2025-04-01,232.17038888388143,Glastonbury
2025-05-01,323.31843231479814,Glastonbury
2025-06-01,253.2345733000325,Glastonbury
2025-07-01,277.6666466988862,Glastonbury
2025-08-01,267.40585442191104,Glastonbury
2025-09-01,252.00878720571708,Glastonbury
2025-10-01,262.01880343088544,Glastonbury
2024-11-01,25.709576800078022,Goshen
2024-12-01,25.975497241283794,Goshen
2025-01-01,36.85671931246139,Goshen
2025-02-01,41.60343679722049,Goshen
2025-03-01,36.40400109690371,Goshen
2025-04-01,25.507379230164943,Goshen
2025-05-01,29.2993352510126,Goshen
2025-06-01,24.230848552729743,Goshen
2025-07-01,27.76684750984991,Goshen
2025-08-01,27.21936010201994,Goshen
2025-09-01,24.6124779189016,Goshen
2025-10-01,25.214921845716912,Goshen
2024-11-01,132.36792224471364,Granby
2024-12-01,138.4174976163767,Granby
2025-01-01,174.53327909017474,Granby
2025-02-01,175.66904423048553,Granby
2025-03-01,144.63392742872264,Granby
2025-04-01,113.79529769863731,Granby
2025-05-01,133.14034587266397,Granby
2025-06-01,114.91254244457645,Granby
2025-07-01,132.11458233318368,Granby
2025-08-01,128.7604356732294,Granby
2025-09-01,118.5089167794377,Granby
2025-10-01,123.35846601318889,Granby
2024-11-01,517.3484334534644,Greenwich
2024-12-01,481.4528901087348,Greenwich
2025-01-01,627.8355332628091,Greenwich
2025-02-01,711.3819887620418,Greenwich
2025-03-01,547.094337409968,Greenwich
2025-04-01,427.8482483725818,Greenwich
2025-05-01,628.5282126423299,Greenwich
2025-06-01,491.0282893443665,Greenwich
2025-07-01,532.2785538695623,Greenwich
2025-08-01,495.1569838126972,Greenwich
2025-09-01,471.3460239086838,Greenwich
2025-10-01,498.66685385202834,Greenwich
2024-11-01,140.45032280862225,Griswold
2024-12-01,130.79102306924057,Griswold
2025-01-01,170.06426046093392,Griswold
2025-02-01,173.01048357552233,Griswold
2025-03-01,150.40964414537612,Griswold
2025-04-01,134.90878125155098,Griswold
2025-05-01,148.11434730026542,Griswold
2025-06-01,135.46755235584524,Griswold
2025-07-01,150.7701598017649,Griswold
2025-08-01,145.6505706778713,Griswold
2025-09-01,120.58689734310332,Griswold
2025-10-01,131.11026663517927,Griswold
2024-11-01,359.8499943978153,Groton
2024-12-01,358.3747791821189,Groton
2025-01-01,413.6273015639943,Groton
2025-02-01,420.11413949621215,Groton
2025-03-01,371.5153478182213,Groton
2025-04-01,338.3245788525783,Groton
2025-05-01,370.48032939918284,Groton
2025-06-01,308.04829469187365,Groton
2025-07-01,342.04870555350317,Groton
2025-08-01,335.7475890544281,Groton
2025-09-01,308.29592326939735,Groton
2025-10-01,315.9398822129177,Groton
2024-11-01,206.2076207487578,Guilford
2024-12-01,197.45304989922994,Guilford
2025-01-01,234.90960306240407,Guilford
2025-02-01,253.30384638851262,Guilford
2025-03-01,199.25063169682073,Guilford
2025-04-01,170.05982206401254,Guilford
2025-05-01,216.18621550643934,Guilford
2025-06-01,174.72323769854006,Guilford
2025-07-01,189.69568979051527,Guilford
2025-08-01,178.13525088142876,Guilford
2025-09-01,169.47909987391867,Guilford
2025-10-01,186.70537384875368,Guilford
2024-11-01,82.87071483806263,Haddam
2024-12-01,77.67053419165774,Haddam
2025-01-01,118.02432535963447,Haddam
2025-02-01,129.02173686258735,Haddam
2025-03-01,101.07422379956367,Haddam
2025-04-01,84.68145051227013,Haddam
2025-05-01,97.33817761258177,Haddam
2025-06-01,74.30930436049039,Haddam
2025-07-01,82.604719922647,Haddam
2025-08-01,80.48135157285292,Haddam
2025-09-01,68.74409988016004,Haddam
2025-10-01,69.4344256106451,Haddam
2024-11-01,635.7626378734442,Hamden
2024-12-01,535.4267027942362,Hamden
2025-01-01,846.0380931458886,Hamden
2025-02-01,780.9916450450132,Hamden
2025-03-01,658.7880916768377,Hamden
2025-04-01,546.6974445599376,Hamden
2025-05-01,841.2381659962487,Hamden
2025-06-01,898.2941914319837,Hamden
2025-07-01,1017.8419003777649,Hamden
2025-08-01,872.3180581489956,Hamden
2025-09-01,656.8277936165086,Hamden
2025-10-01,629.3941512568937,Hamden
2024-11-01,14.173340570215284,Hampton
2024-12-01,14.095008238453463,Hampton
2025-01-01,27.783448786379164,Hampton
2025-02-01,26.075893613325288,Hampton
2025-03-01,21.888891698511536,Hampton
2025-04-01,16.287517450658793,Hampton
2025-05-01,21.181126165082915,Hampton
2025-06-01,23.318248073125773,Hampton
2025-07-01,23.71547357393326,Hampton
2025-08-01,19.503427500587865,Hampton
2025-09-01,16.061934252732577,Hampton
2025-10-01,15.318589439942436,Hampton
2024-11-01,20.204892584948286,Hartland
2024-12-01,22.993982346993317,Hartland
2025-01-01,38.58062602866545,Hartland
2025-02-01,35.75259153129024,Hartland
2025-03-01,28.76688554773427,Hartland
2025-04-01,17.686549572498535,Hartland
2025-05-01,17.764439043158887,Hartland
2025-06-01,15.375911815143052,Hartland
2025-07-01,17.84232851381924,Hartland
2025-08-01,17.881273249149416,Hartland
2025-09-01,16.525673103457077,Hartland
2025-10-01,19.00507138057666,Hartland
2024-11-01,52.580670407498204,Harwinton
2024-12-01,57.48480632850058,Harwinton
2025-01-01,94.64757196960333,Harwinton
2025-02-01,94.92720288804294,Harwinton
2025-03-01,82.46178065893628,Harwinton
2025-04-01,62.13560367214364,Harwinton
2025-05-01,72.22923044710791,Harwinton
2025-06-01,70.46765521469155,Harwinton
2025-07-01,78.03559597332675,Harwinton
2025-08-01,62.7535769125712,Harwinton
2025-09-01,56.993357122164866,Harwinton
2025-10-01,53.123001595319934,Harwinton
2024-11-01,92.81457306394982,Hebron
2024-12-01,95.34128839023823,Hebron
2025-01-01,142.20000476791105,Hebron
2025-02-01,144.2560858986607,Hebron
2025-03-01,123.14259117800958,Hebron
2025-04-01,95.73967043689899,Hebron
2025-05-01,123.89833353915469,Hebron
2025-06-01,124.4343675845199,Hebron
2025-07-01,127.38899070680274,Hebron
2025-08-01,104.76581431318645,Hebron
2025-09-01,87.61811009655588,Hebron
2025-10-01,81.93103429955721,Hebron
2024-11-01,25.804142131289055,Kent
2024-12-01,26.777304132621875,Kent
2025-01-01,35.58835224770772,Kent
2025-02-01,34.278004353550884,Kent
2025-03-01,27.788861811093923,Kent
2025-04-01,20.9786675432716,Kent
2025-05-01,23.599363331585266,Kent
2025-06-01,18.279240659172075,Kent
2025-07-01,22.555537318195917,Kent
2025-08-01,22.900790294749257,Kent
2025-09-01,19.93484152988225,Kent
2025-10-01,20.209430494379056,Kent
2024-11-01,233.9591181783413,Killingly
2024-12-01,228.37494001296608,Killingly
2025-01-01,323.6162119732844,Killingly
2025-02-01,336.24734631860537,Killingly
2025-03-01,313.7455254846042,Killingly
2025-04-01,261.93337242523535,Killingly
2025-05-01,313.6811272648149,Killingly
2025-06-01,297.56983605767095,Killingly
2025-07-01,305.8563701755103,Killingly
2025-08-01,262.6241127561003,Killingly
2025-09-01,233.7949382592101,Killingly
2025-10-01,234.33416556345477,Killingly
2024-11-01,63.90427525394581,Killingworth
2024-12-01,55.76294686128338,Killingworth
2025-01-01,73.6418575222243,Killingworth
2025-02-01,82.03345047966766,Killingworth
2025-03-01,60.61710101578326,Killingworth
2025-04-01,51.4085272788912,Killingworth
2025-05-01,61.17458894899424,Killingworth
2025-06-01,49.85077564401068,Killingworth
2025-07-01,58.43487980513168,Killingworth
2025-08-01,55.27244057063249,Killingworth
2025-09-01,50.46601693832494,Killingworth
2025-10-01,50.687007543827136,Killingworth
2024-11-01,65.32319803041996,Lebanon
2024-12-01,75.03477557901867,Lebanon
2025-01-01,114.39170756403743,Lebanon
2025-02-01,128.4323562229309,Lebanon
2025-03-01,96.75389190300208,Lebanon
2025-04-01,67.93029822062522,Lebanon
2025-05-01,77.71563654173357,Lebanon
2025-06-01,66.3974178713033,Lebanon
2025-07-01,79.48488010451496,Lebanon
2025-08-01,72.43806764525047,Lebanon
2025-09-01,51.52461620192957,Lebanon
2025-10-01,58.13925628257324,Lebanon
2024-11-01,151.69285151281306,Ledyard
2024-12-01,148.7297466856758,Ledyard
2025-01-01,167.80663475134645,Ledyard
2025-02-01,171.14697311330983,Ledyard
2025-03-01,155.16547319789234,Ledyard
2025-04-01,155.310025975428,Ledyard
2025-05-01,163.6322899010252,Ledyard
2025-06-01,145.4965696442277,Ledyard
2025-07-01,156.54023019584596,Ledyard
2025-08-01,153.43900032396527,Ledyard
2025-09-01,141.48728433652605,Ledyard
2025-10-01,139.76464526403933,Ledyard
2024-11-01,52.51677578948075,Lisbon
2024-12-01,53.55648750190783,Lisbon
2025-01-01,66.14942616262589,Lisbon
2025-02-01,69.38860951102836,Lisbon
2025-03-01,58.79134074777083,Lisbon
2025-04-01,55.77594985390694,Lisbon
2025-05-01,61.660919831707375,Lisbon
2025-06-01,56.790174708214536,Lisbon
2025-07-01,60.97401249787031,Lisbon
2025-08-01,60.66796568768898,Lisbon
2025-09-01,54.5725088706089,Lisbon
2025-10-01,57.201698525312146,Lisbon
2024-11-01,78.07357833019962,Litchfield
2024-12-01,79.704404121082,Litchfield
2025-01-01,110.68535777662207,Litchfield
2025-02-01,125.17576889115418,Litchfield
2025-03-01,94.86126257937134,Litchfield
2025-04-01,61.73052122486782,Litchfield
2025-05-01,80.40841354456192,Litchfield
2025-06-01,61.063087137105384,Litchfield
2025-07-01,74.73798668179577,Litchfield
2025-08-01,67.91912060051088,Litchfield
2025-09-01,53.72545649654044,Litchfield
2025-10-01,56.46775147262201,Litchfield
2024-11-01,167.2027810909722,Madison
2024-12-01,165.45512273812855,Madison
2025-01-01,193.03999626557913,Madison
2025-02-01,202.9095402405203,Madison
2025-03-01,153.01563630224172,Madison
2025-04-01,134.724897362487,Madison
2025-05-01,168.11601989226813,Madison
2025-06-01,136.78358975198876,Madison
2025-07-01,142.3072144701611,Madison
2025-08-01,142.72183913924724,Madison
2025-09-01,130.4336016107631,Madison
2025-10-01,136.82003933195597,Madison
2024-11-01,800.5159200679017,Manchester
2024-12-01,796.6759961114093,Manchester
2025-01-01,904.5649700680085,Manchester
2025-02-01,915.7980153289787,Manchester
2025-03-01,842.9908020620935,Manchester
2025-04-01,757.3845940595293,Manchester
2025-05-01,829.2961410400603,Manchester
2025-06-01,737.857012673914,Manchester
2025-07-01,832.7427049921561,Manchester
2025-08-01,830.2311076821775,Manchester
2025-09-01,728.1875065538707,Manchester
2025-10-01,736.0557557076334,Manchester
2024-11-01,353.2338706938835,Mansfield
2024-12-01,206.59130524455117,Mansfield
2025-01-01,309.01754469665946,Mansfield
2025-02-01,451.04888472058474,Mansfield
2025-03-01,226.85677822056795,Mansfield
2025-04-01,91.03714413112706,Mansfield
2025-05-01,347.95277490014223,Mansfield
2025-06-01,393.67111695975575,Mansfield
2025-07-01,352.3987198389225,Mansfield
2025-08-01,258.89076358825304,Mansfield
2025-09-01,161.30899150886216,Mansfield
2025-10-01,179.43816144167283,Mansfield
2024-11-01,71.57982841579401,Marlborough
2024-12-01,71.2501262600925,Marlborough
2025-01-01,93.71973247514885,Marlborough
2025-02-01,94.74398173848837,Marlborough
2025-03-01,87.4562929590303,Marlborough
2025-04-01,70.97939607243163,Marlborough
2025-05-01,78.95582490694467,Marlborough
2025-06-01,68.83678278147691,Marlborough
2025-07-01,72.15092501550443,Marlborough
2025-08-01,75.6771259498889,Marlborough
2025-09-01,73.47554069089354,Marlborough
2025-10-01,74.60581930441155,Marlborough
2024-11-01,73.61525886066269,Middlebury
2024-12-01,72.1802204341773,Middlebury
2025-01-01,101.69266817230096,Middlebury
2025-02-01,107.08798651943638,Middlebury
2025-03-01,96.16472682607977,Middlebury
2025-04-01,72.36325262186215,Middlebury
2025-05-01,85.87011415345441,Middlebury
2025-06-01,70.46932150123862,Middlebury
2025-07-01,73.69218486848735,Middlebury
2025-08-01,71.41628706155038,Middlebury
2025-09-01,65.52494469276944,Middlebury
2025-10-01,68.73985690454627,Middlebury
2024-11-01,50.75691926588089,Middlefield
2024-12-01,45.00832532196955,Middlefield
2025-01-01,61.118728254882235,Middlefield
2025-02-01,71.29785470125063,Middlefield
2025-03-01,60.50520788861068,Middlefield
2025-04-01,43.39659824505402,Middlefield
2025-05-01,53.74531268638082,Middlefield
2025-06-01,45.96724838958989,Middlefield
2025-07-01,50.52185853254977,Middlefield
2025-08-01,48.166306737427895,Middlefield
2025-09-01,40.8776851664057,Middlefield
2025-10-01,43.02436532354554,Middlefield
2024-11-01,212.79503200334344,Monroe
2024-12-01,203.06627279270973,Monroe
2025-01-01,272.93711801201647,Monroe
2025-02-01,306.03498146215895,Monroe
2025-03-01,246.50829978290673,Monroe
2025-04-01,203.3792172318996,Monroe
2025-05-01,235.42643923906346,Monroe
2025-06-01,202.8602043666848,Monroe
2025-07-01,231.5749026453158,Monroe
2025-08-01,215.176057784978,Monroe
2025-09-01,172.49565220651766,Monroe
2025-10-01,179.19238331635609,Monroe
2024-11-01,229.84778501271072,Montville
2024-12-01,227.15506000111654,Montville
2025-01-01,261.8724762410071,Montville
2025-02-01,256.019307752566,Montville
2025-03-01,260.59368750597645,Montville
2025-04-01,242.99154527635525,Montville
2025-05-01,266.23206483406267,Montville
2025-06-01,240.41000265672187,Montville
2025-07-01,261.14549956056015,Montville
2025-08-01,246.64300364232895,Montville
2025-09-01,253.9218239591484,Montville
2025-10-01,239.01640138250602,Montville
2024-11-01,19.744783868665277,Morris
2024-12-01,23.203192868861226,Morris
2025-01-01,41.7978421626771,Morris
2025-02-01,45.311332075612185,Morris
2025-03-01,36.83166736211502,Morris
2025-04-01,25.807261984229616,Morris
2025-05-01,32.427754857305075,Morris
2025-06-01,28.39004614382094,Morris
2025-07-01,29.66522232961645,Morris
2025-08-01,23.897615534385984,Morris
2025-09-01,20.48432611737996,Morris
2025-10-01,20.444799138620134,Morris
2024-11-01,171.59360717241236,New Canaan
2024-12-01,151.97816903340913,New Canaan
2025-01-01,200.51988772308974,New Canaan
2025-02-01,197.69499869486168,New Canaan
2025-03-01,165.39943677966335,New Canaan
2025-04-01,141.96676324492523,New Canaan
2025-05-01,224.6890079717698,New Canaan
2025-06-01,233.66652956683416,New Canaan
2025-07-01,226.9647795426821,New Canaan
2025-08-01,185.36340525685168,New Canaan
2025-09-01,181.31156765890384,New Canaan
2025-10-01,177.53034805120242,New Canaan
2024-11-01,132.6037852170924,Fairfield
2024-12-01,135.36282254295884,Fairfield
2025-01-01,194.84412983106017,Fairfield
2025-02-01,185.1012507447494,Fairfield
2025-03-01,159.59742082119044,Fairfield
2025-04-01,152.554534527078,Fairfield
2025-05-01,204.234269755888,Fairfield
2025-06-01,212.028138184544,Fairfield
2025-07-01,243.39281243435133,Fairfield
2025-08-01,205.45430060301913,Fairfield
2025-09-01,159.20933281671165,Fairfield
2025-10-01,160.45910774352092,Fairfield
2024-11-01,72.45365610844866,New Hartford
2024-12-01,69.73727986322365,New Hartford
2025-01-01,95.02558800956373,New Hartford
2025-02-01,104.26139359006348,New Hartford
2025-03-01,85.10610811083342,New Hartford
2025-04-01,63.9478967878901,New Hartford
2025-05-01,71.89296539562686,New Hartford
2025-06-01,59.07250409277698,New Hartford
2025-07-01,66.32387332315444,New Hartford
2025-08-01,67.59839473221739,New Hartford
2025-09-01,59.287668931181415,New Hartford
2025-10-01,63.08113405943708,New Hartford
2024-11-01,337.5317288590739,Newington
2024-12-01,332.6840108557571,Newington
2025-01-01,395.19788083997685,Newington
2025-02-01,429.229801940077,Newington
2025-03-01,352.10954935395364,Newington
2025-04-01,289.1644953795276,Newington
2025-05-01,352.2313197915258,Newington
2025-06-01,289.99698174088604,Newington
2025-07-01,328.9348260963051,Newington
2025-08-01,318.8206606766104,Newington
2025-09-01,296.0906359762444,Newington
2025-10-01,299.33526178288736,Newington
2024-11-01,317.10078557519955,New Milford
2024-12-01,319.3638586530857,New Milford
2025-01-01,423.5228559231182,New Milford
2025-02-01,447.2621562543735,New Milford
2025-03-01,368.0057431602258,New Milford
2025-04-01,281.8525234784356,New Milford
2025-05-01,350.4548626979114,New Milford
2025-06-01,288.0186129284934,New Milford
2025-07-01,323.55484073148887,New Milford
2025-08-01,322.48682740846294,New Milford
2025-09-01,268.52333422151867,New Milford
2025-10-01,280.6705517119618,New Milford
2024-11-01,283.11627903796955,Newtown
2024-12-01,259.245140064184,Newtown
2025-01-01,341.46023821135947,Newtown
2025-02-01,361.11603430639195,Newtown
2025-03-01,285.10463879422446,Newtown
2025-04-01,224.53699408075028,Newtown
2025-05-01,292.33533528648854,Newtown
2025-06-01,245.96276497345366,Newtown
2025-07-01,277.60131367991033,Newtown
2025-08-01,278.71861927379007,Newtown
2025-09-01,242.28468085210432,Newtown
2025-10-01,262.01371284741504,Newtown
2024-11-01,17.3202548954714,Norfolk
2024-12-01,18.999275031585007,Norfolk
2025-01-01,30.289971576550105,Norfolk
2025-02-01,30.460308982096223,Norfolk
2025-03-01,25.642293817996684,Norfolk
2025-04-01,19.388611004743417,Norfolk
2025-05-01,20.045606707580312,Norfolk
2025-06-01,15.714249840771547,Norfolk
2025-07-01,15.933248408383847,Norfolk
2025-08-01,14.278582191617822,Norfolk
2025-09-01,14.862562813040952,Norfolk
2025-10-01,13.378234001821047,Norfolk
2024-11-01,166.5673541863776,Branford
2024-12-01,171.27628374372108,Branford
2025-01-01,257.4940818956658,Branford
2025-02-01,253.50009358302148,Branford
2025-03-01,202.66107026736452,Branford
2025-04-01,152.10496444211736,Branford
2025-05-01,177.37490823825894,Branford
2025-06-01,135.92301775797154,Branford
2025-07-01,157.28249315457884,Branford
2025-08-01,159.12758165667435,Branford
2025-09-01,141.70834137619383,Branford
2025-10-01,143.20868747273062,Branford
2024-11-01,36.788749698062325,North Canaan
2024-12-01,39.77944439926081,North Canaan
2025-01-01,67.87549041515442,North Canaan
2025-02-01,72.04262514715009,North Canaan
2025-03-01,68.52780609051814,North Canaan
2025-04-01,39.43400513277629,North Canaan
2025-05-01,39.52329206305857,North Canaan
2025-06-01,38.9856142365135,North Canaan
2025-07-01,43.20471902699377,North Canaan
2025-08-01,40.08562952431503,North Canaan
2025-09-01,30.18666365840901,North Canaan
2025-10-01,30.05454738597937,North Canaan
2024-11-01,260.0249699015284,North Haven
2024-12-01,249.10995451024934,North Haven
2025-01-01,317.1551774835499,North Haven
2025-02-01,316.8767861136295,North Haven
2025-03-01,263.7921990999936,North Haven
2025-04-01,214.2252596363095,North Haven
2025-05-01,255.91145659109318,North Haven
2025-06-01,200.8911216715913,North Haven
2025-07-01,250.8765790903166,North Haven
2025-08-01,249.81889948902304,North Haven
2025-09-01,196.47218585547975,North Haven
2025-10-01,210.9453724333988,North Haven
2024-11-01,77.79589790069288,Lyme
2024-12-01,70.80628417309865,Lyme
2025-01-01,87.03002563537254,Lyme
2025-02-01,94.93742881602661,Lyme
2025-03-01,77.0304845740265,Lyme
2025-04-01,60.24555370145197,Lyme
2025-05-01,77.99963454882423,Lyme
2025-06-01,62.08308168050896,Lyme
2025-07-01,68.51089691250964,Lyme
2025-08-01,63.562182360928055,Lyme
2025-09-01,58.05252203316299,Lyme
2025-10-01,60.50150359073129,Lyme
2024-11-01,98.18710863433833,Old Saybrook
2024-12-01,93.46619085575007,Old Saybrook
2025-01-01,108.9707464521737,Old Saybrook
2025-02-01,112.11106752292854,Old Saybrook
2025-03-01,92.52862396412073,Old Saybrook
2025-04-01,79.40771515265926,Old Saybrook
2025-05-01,96.70813371435378,Old Saybrook
2025-06-01,75.14582886128804,Old Saybrook
2025-07-01,85.56247559109175,Old Saybrook
2025-08-01,86.25085660983504,Old Saybrook
2025-09-01,75.59391597054744,Old Saybrook
2025-10-01,76.29932686105344,Old Saybrook
2024-11-01,140.53034998332086,Orange
2024-12-01,133.46449983875047,Orange
2025-01-01,158.05588290024724,Orange
2025-02-01,165.2347915230613,Orange
2025-03-01,136.7766067342839,Orange
2025-04-01,118.74858748229535,Orange
2025-05-01,146.33188119619794,Orange
2025-06-01,128.46948421964186,Orange
2025-07-01,137.628231892577,Orange
2025-08-01,131.021202384367,Orange
2025-09-01,116.13649729623397,Orange
2025-10-01,126.64125846147226,Orange
2024-11-01,149.21986741836838,Oxford
2024-12-01,146.6917081575965,Oxford
2025-01-01,223.04767209865986,Oxford
2025-02-01,216.3626592409505,Oxford
2025-03-01,191.83071144016282,Oxford
2025-04-01,161.2796339897368,Oxford
2025-05-01,201.417588242778,Oxford
2025-06-01,198.28889590957198,Oxford
2025-07-01,212.31828615695449,Oxford
2025-08-01,185.98709765856506,Oxford
2025-09-01,150.42561018462962,Oxford
2025-10-01,141.90504249951874,Oxford
2024-11-01,199.0117192723405,Plainfield
2024-12-01,203.8836257692816,Plainfield
2025-01-01,263.46952687368906,Plainfield
2025-02-01,268.33745180246643,Plainfield
2025-03-01,232.018371120866,Plainfield
2025-04-01,190.49279380217916,Plainfield
2025-05-01,211.13232485880113,Plainfield
2025-06-01,178.51854145918873,Plainfield
2025-07-01,207.01937212577337,Plainfield
2025-08-01,215.70144861687766,Plainfield
2025-09-01,177.29124076490893,Plainfield
2025-10-01,181.25963537085875,Plainfield
2024-11-01,211.75492969387918,Plainville
2024-12-01,216.48985596065265,Plainville
2025-01-01,347.07421335318634,Plainville
2025-02-01,353.39174977886506,Plainville
2025-03-01,313.878470891666,Plainville
2025-04-01,264.14614745918476,Plainville
2025-05-01,296.2744821378263,Plainville
2025-06-01,284.59838157200596,Plainville
2025-07-01,297.03430506596266,Plainville
2025-08-01,246.30473812404654,Plainville
2025-09-01,213.08215585419592,Plainville
2025-10-01,207.36807878679593,Plainville
2024-11-01,157.89158852252893,Plymouth
2024-12-01,154.6571917557621,Plymouth
2025-01-01,260.5337686036694,Plymouth
2025-02-01,266.228498452954,Plymouth
2025-03-01,233.95490793693352,Plymouth
2025-04-01,191.24960409777285,Plymouth
2025-05-01,209.57296640428711,Plymouth
2025-06-01,205.28440902930066,Plymouth
2025-07-01,229.67939766149135,Plymouth
2025-08-01,199.28458054317855,Plymouth
2025-09-01,155.4282905653062,Plymouth
2025-10-01,156.9360187852095,Plymouth
2024-11-01,51.48309060082554,Pomfret
2024-12-01,49.02509481476482,Pomfret
2025-01-01,58.04276735863826,Pomfret
2025-02-01,60.97130633814211,Pomfret
2025-03-01,54.784058277484704,Pomfret
2025-04-01,48.013821881981855,Pomfret
2025-05-01,60.058147901646954,Pomfret
2025-06-01,52.270206590641784,Pomfret
2025-07-01,55.84475512833054,Pomfret
2025-08-01,52.19285472218782,Pomfret
2025-09-01,50.56350018161104,Pomfret
2025-10-01,52.164926771796715,Pomfret
2024-11-01,112.65284345058336,Portland
2024-12-01,110.50038848527916,Portland
2025-01-01,157.3456840757579,Portland
2025-02-01,167.1950017781276,Portland
2025-03-01,129.80460291278717,Portland
2025-04-01,110.32986090683792,Portland
2025-05-01,132.301589740772,Portland
2025-06-01,111.08619727574066,Portland
2025-07-01,126.18875670753997,Portland
2025-08-01,124.89589304603818,Portland
2025-09-01,110.59955909769238,Portland
2025-10-01,108.04225303776235,Portland
2024-11-01,40.08954507206056,Preston
2024-12-01,43.73668109050329,Preston
2025-01-01,57.90523007529798,Preston
2025-02-01,61.87023288007188,Preston
2025-03-01,54.99774987075589,Preston
2025-04-01,48.36940038558444,Preston
2025-05-01,49.05822024997541,Preston
2025-06-01,42.202697845244764,Preston
2025-07-01,43.64890059826023,Preston
2025-08-01,42.898633237301404,Preston
2025-09-01,40.10812562648082,Preston
2025-10-01,39.170015192563646,Preston
2024-11-01,103.61643591498884,Prospect
2024-12-01,105.95590721246124,Prospect
2025-01-01,168.6334735265834,Prospect
2025-02-01,175.10572344287436,Prospect
2025-03-01,151.79511720910503,Prospect
2025-04-01,111.7125473773524,Prospect
2025-05-01,139.3034055423174,Prospect
2025-06-01,130.17610301549226,Prospect
2025-07-01,142.50132893735645,Prospect
2025-08-01,126.37451570840062,Prospect
2025-09-01,109.9080491467699,Prospect
2025-10-01,102.73897647626048,Prospect
2024-11-01,107.29448514849598,Putnam
2024-12-01,94.75407631033607,Putnam
2025-01-01,137.10366943478735,Putnam
2025-02-01,144.92901826214816,Putnam
2025-03-01,125.49861598928625,Putnam
2025-04-01,103.8232526950175,Putnam
2025-05-01,133.7423028903783,Putnam
2025-06-01,124.0907223877112,Putnam
2025-07-01,129.15477825529402,Putnam
2025-08-01,111.70761155366307,Putnam
2025-09-01,94.41195273484324,Putnam
2025-10-01,91.9107158198451,Putnam
2024-11-01,90.06885297110283,Redding
2024-12-01,88.42813054576852,Redding
2025-01-01,105.78120530463414,Redding
2025-02-01,114.54558694601508,Redding
2025-03-01,91.85586360518718,Redding
2025-04-01,70.33214230648535,Redding
2025-05-01,84.73005257520327,Redding
2025-06-01,69.39346060975528,Redding
2025-07-01,79.22918790601193,Redding
2025-08-01,75.34896596973859,Redding
2025-09-01,71.60140799161088,Redding
2025-10-01,74.39450820846679,Redding
2024-11-01,229.1242526537934,Ridgefield
2024-12-01,192.61040160895107,Ridgefield
2025-01-01,234.203831860094,Ridgefield
2025-02-01,251.91958744005387,Ridgefield
2025-03-01,193.1543561037202,Ridgefield
2025-04-01,156.71656301385957,Ridgefield
2025-05-01,237.48035282532027,Ridgefield
2025-06-01,202.38671000198295,Ridgefield
2025-07-01,209.9276090353387,Ridgefield
2025-08-01,198.10905730865863,Ridgefield
2025-09-01,183.67307121151066,Ridgefield
2025-10-01,205.68479505505667,Ridgefield
2024-11-01,233.64213228830874,Rocky Hill
2024-12-01,234.1241431622509,Rocky Hill
2025-01-01,266.2797619581448,Rocky Hill
2025-02-01,268.26848200246803,Rocky Hill
2025-03-01,226.14336216937988,Rocky Hill
2025-04-01,193.23027955197114,Rocky Hill
2025-05-01,224.26021115178202,Rocky Hill
2025-06-01,182.64446199412865,Rocky Hill
2025-07-01,204.05995524506588,Rocky Hill
2025-08-01,207.6277811550032,Rocky Hill
2025-09-01,187.77444015368508,Rocky Hill
2025-10-01,193.54266986207347,Rocky Hill
2024-11-01,17.609802234346382,Roxbury
2024-12-01,17.82196813545843,Roxbury
2025-01-01,23.13957112622459,Roxbury
2025-02-01,24.185552377952916,Roxbury
2025-03-01,19.957779004977347,Roxbury
2025-04-01,17.887740684551815,Roxbury
2025-05-01,21.58156134014766,Roxbury
2025-06-01,17.93158905061407,Roxbury
2025-07-01,19.511523019722127,Roxbury
2025-08-01,20.645201003574964,Roxbury
2025-09-01,16.395503447568267,Roxbury
2025-10-01,16.117564997362837,Roxbury
2024-11-01,40.67295686761458,Salem
2024-12-01,39.51752636748523,Salem
2025-01-01,54.609439885415206,Salem
2025-02-01,56.294548913026595,Salem
2025-03-01,46.634887427697954,Salem
2025-04-01,33.6754415913166,Salem
2025-05-01,41.486237614022606,Salem
2025-06-01,37.302738812391794,Salem
2025-07-01,41.2081368237448,Salem
2025-08-01,38.47005548189589,Salem
2025-09-01,34.07613887983325,Salem
2025-10-01,36.799583337983336,Salem
2024-11-01,30.56181070683752,Salisbury
2024-12-01,33.45890677550759,Salisbury
2025-01-01,54.54438157962017,Salisbury
2025-02-01,53.81553390756862,Salisbury
2025-03-01,52.739718648788276,Salisbury
2025-04-01,32.52953458106999,Salisbury
2025-05-01,38.145966773727196,Salisbury
2025-06-01,40.12246328220232,Salisbury
2025-07-01,41.54346484733751,Salisbury
2025-08-01,36.52912214784879,Salisbury
2025-09-01,28.467650936648894,Salisbury
2025-10-01,27.54060328021501,Salisbury
2024-11-01,16.468851115184034,Scotland
2024-12-01,21.039206257232845,Scotland
2025-01-01,35.12092633311664,Scotland
2025-02-01,38.316831262415725,Scotland
2025-03-01,35.78230205506195,Scotland
2025-04-01,27.85166012057854,Scotland
2025-05-01,33.845019246074045,Scotland
2025-06-01,35.14327638822709,Scotland
2025-07-01,36.639280117572994,Scotland
2025-08-01,33.301726766469386,Scotland
2025-09-01,29.06027440460999,Scotland
2025-10-01,29.718978899278262,Scotland
2024-11-01,205.16151053515068,Seymour
2024-12-01,205.57748460019565,Seymour
2025-01-01,272.876043741893,Seymour
2025-02-01,277.72537804773145,Seymour
2025-03-01,240.92487792607244,Seymour
2025-04-01,183.7350995807933,Seymour
2025-05-01,215.0610066104642,Seymour
2025-06-01,175.70271152011253,Seymour
2025-07-01,206.59105204020955,Seymour
2025-08-01,208.0750732063692,Seymour
2025-09-01,186.94970517260708,Seymour
2025-10-01,188.9668658624428,Seymour
2024-11-01,23.416140644271746,Sharon
2024-12-01,23.58921825728374,Sharon
2025-01-01,37.59875100768152,Sharon
2025-02-01,40.05110609879787,Sharon
2025-03-01,36.63224272219039,Sharon
2025-04-01,25.589971253348637,Sharon
2025-05-01,30.542019763236276,Sharon
2025-06-01,31.461479461394028,Sharon
2025-07-01,34.15519194217877,Sharon
2025-08-01,30.43052307452475,Sharon
2025-09-01,24.877792708502255,Sharon
2025-10-01,26.13438565635994,Sharon
2024-11-01,37.086536839478654,Sherman
2024-12-01,35.81222717820439,Sherman
2025-01-01,42.31808662583226,Sherman
2025-02-01,46.490166888928705,Sherman
2025-03-01,39.45307071899275,Sherman
2025-04-01,34.18275839493838,Sherman
2025-05-01,39.14868982013793,Sherman
2025-06-01,35.624133892451866,Sherman
2025-07-01,38.790526776787146,Sherman
2025-08-01,38.92183399668465,Sherman
2025-09-01,36.98498039320478,Sherman
2025-10-01,38.6979820945904,Sherman
2024-11-01,245.08604005469505,Simsbury
2024-12-01,227.1477976688994,Simsbury
2025-01-01,257.5529610864377,Simsbury
2025-02-01,263.3820947359678,Simsbury
2025-03-01,223.2202660553209,Simsbury
2025-04-01,183.89034391750752,Simsbury
2025-05-01,240.46711154472348,Simsbury
2025-06-01,220.8158783930953,Simsbury
2025-07-01,237.20181277161655,Simsbury
2025-08-01,222.87059215894928,Simsbury
2025-09-01,208.3982672717775,Simsbury
2025-10-01,219.7427156207229,Simsbury
2024-11-01,107.0237382002427,Somers
2024-12-01,114.52242870537583,Somers
2025-01-01,155.1136608055261,Somers
2025-02-01,162.88174143502147,Somers
2025-03-01,140.1300157702709,Somers
2025-04-01,117.58057242825777,Somers
2025-05-01,144.73806460872424,Somers
2025-06-01,134.39264958279745,Somers
2025-07-01,150.49198034769228,Somers
2025-08-01,131.13566295630014,Somers
2025-09-01,115.17528958494421,Somers
2025-10-01,113.49526868030932,Somers
2024-11-01,194.30782814229136,Southbury
2024-12-01,194.95318791890386,Southbury
2025-01-01,249.44044593818006,Southbury
2025-02-01,263.71375394207325,Southbury
2025-03-01,212.21846532736606,Southbury
2025-04-01,161.49058414098423,Southbury
2025-05-01,201.9150829049571,Southbury
2025-06-01,156.2075563404516,Southbury
2025-07-01,186.67932717279348,Southbury
2025-08-01,178.90134482480622,Southbury
2025-09-01,150.3587366374772,Southbury
2025-10-01,160.61838645706635,Southbury
2024-11-01,478.12450209380097,Southington
2024-12-01,470.5575070060939,Southington
2025-01-01,614.0130322802256,Southington
2025-02-01,631.7441434863515,Southington
2025-03-01,514.0008650782463,Southington
2025-04-01,402.8074214999653,Southington
2025-05-01,472.261583035458,Southington
2025-06-01,374.2900110666458,Southington
2025-07-01,410.9223678170848,Southington
2025-08-01,396.9336661955923,Southington
2025-09-01,355.19490966682355,Southington
2025-10-01,385.348052499334,Southington
2024-11-01,36.8425480911084,Sprague
2024-12-01,36.34135257383792,Sprague
2025-01-01,40.91882709301162,Sprague
2025-02-01,41.358013519722306,Sprague
2025-03-01,36.293460802816924,Sprague
2025-04-01,35.54893469648685,Sprague
2025-05-01,36.7899505469078,Sprague
2025-06-01,34.90918665894548,Sprague
2025-07-01,38.77078673047921,Sprague
2025-08-01,38.536867687778816,Sprague
2025-09-01,35.55834624284605,Sprague
2025-10-01,35.67765865078604,Sprague
2024-11-01,131.53846383870746,Stafford
2024-12-01,141.2471410074268,Stafford
2025-01-01,212.24950985019947,Stafford
2025-02-01,230.73722376087974,Stafford
2025-03-01,176.38513008521815,Stafford
2025-04-01,124.27331733288827,Stafford
2025-05-01,137.90230253392986,Stafford
2025-06-01,108.34619269110202,Stafford
2025-07-01,154.0899137526267,Stafford
2025-08-01,136.73931237103145,Stafford
2025-09-01,98.31264190745587,Stafford
2025-10-01,96.56097995274114,Stafford
2024-11-01,37.61593113262711,Sterling
2024-12-01,44.123762781755936,Sterling
2025-01-01,79.44643016035691,Sterling
2025-02-01,85.10369041631168,Sterling
2025-03-01,71.811631804965,Sterling
2025-04-01,49.25310081901787,Sterling
2025-05-01,56.52484893792483,Sterling
2025-06-01,55.768558931406,Sterling
2025-07-01,55.08413792089119,Sterling
2025-08-01,48.572714661110986,Sterling
2025-09-01,44.82769936405792,Sterling
2025-10-01,42.23793507643927,Sterling
2024-11-01,177.96262768978548,Stonington
2024-12-01,192.5730862037944,Stonington
2025-01-01,242.8758877100169,Stonington
2025-02-01,249.75547360236575,Stonington
2025-03-01,213.904123609154,Stonington
2025-04-01,180.0342206705148,Stonington
2025-05-01,188.23794426480123,Stonington
2025-06-01,164.00937449957578,Stonington
2025-07-01,180.1557081481689,Stonington
2025-08-01,171.63694648209704,Stonington
2025-09-01,153.93715369153398,Stonington
2025-10-01,161.2809000874015,Stonington
2024-11-01,660.3246769326248,Stratford
2024-12-01,604.0005052532928,Stratford
2025-01-01,853.0982671077818,Stratford
2025-02-01,832.1017386836141,Stratford
2025-03-01,720.5628992761286,Stratford
2025-04-01,691.9954387294383,Stratford
2025-05-01,855.3876105379999,Stratford
2025-06-01,849.8880866486543,Stratford
2025-07-01,971.5089339331174,Stratford
2025-08-01,878.5888953643024,Stratford
2025-09-01,617.6800000558022,Stratford
2025-10-01,601.7538857364898,Stratford
2024-11-01,131.86532625467225,Suffield
2024-12-01,127.87457870854736,Suffield
2025-01-01,203.1420194103934,Suffield
2025-02-01,207.5132455851767,Suffield
2025-03-01,178.50195539658657,Suffield
2025-04-01,129.2185725733504,Suffield
2025-05-01,167.26482104959615,Suffield
2025-06-01,171.74416724478195,Suffield
2025-07-01,173.2175441244971,Suffield
2025-08-01,141.8697281837965,Suffield
2025-09-01,121.88183974245499,Suffield
2025-10-01,122.0119379750305,Suffield
2024-11-01,99.18932150120476,Thomaston
2024-12-01,96.29320717829515,Thomaston
2025-01-01,150.7980162036776,Thomaston
2025-02-01,152.2546315225437,Thomaston
2025-03-01,126.99893491997561,Thomaston
2025-04-01,88.56189979972044,Thomaston
2025-05-01,97.5314062189004,Thomaston
2025-06-01,78.6385569839819,Thomaston
2025-07-01,90.87773045640469,Thomaston
2025-08-01,90.32772011435209,Thomaston
2025-09-01,72.32501913994838,Thomaston
2025-10-01,78.2998659634607,Thomaston
2024-11-01,101.49382422852057,Thompson
2024-12-01,104.41802904970388,Thompson
2025-01-01,167.94141468862787,Thompson
2025-02-01,165.58912947684493,Thompson
2025-03-01,144.57098484250665,Thompson
2025-04-01,111.68119950343393,Thompson
2025-05-01,141.21000143737302,Thompson
2025-06-01,136.7993244881113,Thompson
2025-07-01,131.59135228691008,Thompson
2025-08-01,110.81431978247232,Thompson
2025-09-01,104.52660686335739,Thompson
2025-10-01,99.47819910629873,Thompson
2024-11-01,112.63947327931214,Tolland
2024-12-01,101.716225127927,Tolland
2025-01-01,174.43638415360067,Tolland
2025-02-01,172.5872559718178,Tolland
2025-03-01,151.72519721921,Tolland
2025-04-01,124.45863432618222,Tolland
2025-05-01,176.53170047531947,Tolland
2025-06-01,170.44311065105984,Tolland
2025-07-01,178.27847664416694,Tolland
2025-08-01,150.08182144209655,Tolland
2025-09-01,115.04456766250345,Tolland
2025-10-01,117.40768410596097,Tolland
2024-11-01,377.2202688865942,Trumbull
2024-12-01,353.42610412592745,Trumbull
2025-01-01,468.3997644059808,Trumbull
2025-02-01,501.76115224208115,Trumbull
2025-03-01,409.6695196653751,Trumbull
2025-04-01,328.6594279907219,Trumbull
2025-05-01,417.41107664891206,Trumbull
2025-06-01,336.85436411701994,Trumbull
2025-07-01,369.78337322832584,Trumbull
2025-08-01,355.25759821965784,Trumbull
2025-09-01,327.40537458242653,Trumbull
2025-10-01,338.307802219355,Trumbull
2024-11-01,7.2110962923968005,Union
2024-12-01,9.017704217914964,Union
2025-01-01,16.332390071034137,Union
2025-02-01,16.381541260343003,Union
2025-03-01,15.002839860762087,Union
2025-04-01,12.3441861313725,Union
2025-05-01,14.921225418793371,Union
2025-06-01,13.905114999555217,Union
2025-07-01,14.177723719400806,Union
2025-08-01,11.362770807949975,Union
2025-09-01,8.968905371841164,Union
2025-10-01,7.883932744824936,Union
2024-11-01,398.19071398419067,Vernon
2024-12-01,421.56384493403647,Vernon
2025-01-01,521.259808181097,Vernon
2025-02-01,524.425411853503,Vernon
2025-03-01,448.7191346669149,Vernon
2025-04-01,370.2338353161448,Vernon
2025-05-01,425.21182495253754,Vernon
2025-06-01,364.7357027381524,Vernon
2025-07-01,401.3072187426619,Vernon
2025-08-01,394.3097010904918,Vernon
2025-09-01,360.80282780944765,Vernon
2025-10-01,376.6923433508375,Vernon
2024-11-01,25.164834858624033,Voluntown
2024-12-01,28.883009292908586,Voluntown
2025-01-01,34.796205274114406,Voluntown
2025-02-01,34.328186893095385,Voluntown
2025-03-01,27.023922075766315,Voluntown
2025-04-01,20.343169131937277,Voluntown
2025-05-01,26.268326151026248,Voluntown
2025-06-01,22.754514629805982,Voluntown
2025-07-01,23.342143389656552,Voluntown
2025-08-01,23.581876781844976,Voluntown
2025-09-01,23.690038757318696,Voluntown
2025-10-01,23.114371035351283,Voluntown
2024-11-01,460.3512549565496,Wallingford
2024-12-01,443.94834646439983,Wallingford
2025-01-01,692.3185694069423,Wallingford
2025-02-01,693.5749708847868,Wallingford
2025-03-01,639.047654687169,Wallingford
2025-04-01,518.2033711152345,Wallingford
2025-05-01,654.6937070410761,Wallingford
2025-06-01,603.247763625349,Wallingford
2025-07-01,625.1148506567803,Wallingford
2025-08-01,556.9081644901703,Wallingford
2025-09-01,455.14250941097123,Wallingford
2025-10-01,428.3750777771833,Wallingford
2024-11-01,10.621840277295822,Warren
2024-12-01,12.236406811828738,Warren
2025-01-01,18.598415832041205,Warren
2025-02-01,20.903892130159516,Warren
2025-03-01,13.154808625481973,Warren
2025-04-01,7.712485631136576,Warren
2025-05-01,9.495679972797006,Warren
2025-06-01,6.824681409544624,Warren
2025-07-01,9.148566581843724,Warren
2025-08-01,8.328575733400902,Warren
2025-09-01,7.6877024726674215,Warren
2025-10-01,8.230702600320607,Warren
2024-11-01,29.819746209531772,Washington
2024-12-01,29.27136359257847,Washington
2025-01-01,49.867023680115395,Washington
2025-02-01,51.3310017538059,Washington
2025-03-01,49.28299038218043,Washington
2025-04-01,39.96574560148584,Washington
2025-05-01,44.448845479213645,Washington
2025-06-01,45.54341711727967,Washington
2025-07-01,50.9517458882339,Washington
2025-08-01,48.59760007274662,Washington
2025-09-01,34.05035290567484,Washington
2025-10-01,33.12952380696298,Washington
2024-11-01,202.84194460805725,Waterford
2024-12-01,209.68500457788628,Waterford
2025-01-01,295.00804318032874,Waterford
2025-02-01,284.57077189631207,Waterford
2025-03-01,255.56996348310372,Waterford
2025-04-01,246.09869125614478,Waterford
2025-05-01,310.47872425430376,Waterford
2025-06-01,294.6359622188059,Waterford
2025-07-01,310.4649300626903,Waterford
2025-08-01,265.2589390348707,Waterford
2025-09-01,217.32327795568952,Waterford
2025-10-01,203.6639191900172,Waterford
2024-11-01,280.4117439485377,Watertown
2024-12-01,281.85003228557974,Watertown
2025-01-01,373.499367928311,Watertown
2025-02-01,390.8879301937912,Watertown
2025-03-01,340.5025109628396,Watertown
2025-04-01,239.9062621312585,Watertown
2025-05-01,286.7485663687882,Watertown
2025-06-01,240.08233484167738,Watertown
2025-07-01,275.5561170069352,Watertown
2025-08-01,279.21024807534457,Watertown
2025-09-01,242.46655080957248,Watertown
2025-10-01,259.01809449382415,Watertown
2024-11-01,73.42238639605867,Westbrook
2024-12-01,70.30123209003766,Westbrook
2025-01-01,87.30453944006737,Westbrook
2025-02-01,84.00370109766136,Westbrook
2025-03-01,63.99237522765922,Westbrook
2025-04-01,49.75751269639086,Westbrook
2025-05-01,61.51009164582107,Westbrook
2025-06-01,50.30987445561311,Westbrook
2025-07-01,56.87827325478021,Westbrook
2025-08-01,57.95636995213674,Westbrook
2025-09-01,50.802339029055894,Westbrook
2025-10-01,53.59740314795183,Westbrook
2024-11-01,110.24652869750004,Weston
2024-12-01,98.28490653880633,Weston
2025-01-01,123.87071568822115,Weston
2025-02-01,135.591135612997,Weston
2025-03-01,109.35720682207689,Weston
2025-04-01,96.48739102289797,Weston
2025-05-01,124.9655616233826,Weston
2025-06-01,116.94357595201404,Weston
2025-07-01,116.74503093261131,Weston
2025-08-01,108.78948792521092,Weston
2025-09-01,104.05488838777305,Weston
2025-10-01,115.5222133539045,Weston
2024-11-01,238.69118176753648,Westport
2024-12-01,212.36216250338316,Westport
2025-01-01,299.05772313421164,Westport
2025-02-01,289.7368603505476,Westport
2025-03-01,256.54569145546225,Westport
2025-04-01,232.10044386205044,Westport
2025-05-01,337.035748167623,Westport
2025-06-01,345.6718038347244,Westport
2025-07-01,351.7022487067364,Westport
2025-08-01,296.6837776894074,Westport
2025-09-01,280.92846859138115,Westport
2025-10-01,283.1668969899803,Westport
2024-11-01,229.3052214820023,Wethersfield
2024-12-01,223.44454159526632,Wethersfield
2025-01-01,337.28342433951957,Wethersfield
2025-02-01,329.38306171594644,Wethersfield
2025-03-01,287.9188587750895,Wethersfield
2025-04-01,274.1413170634623,Wethersfield
2025-05-01,360.8154102669541,Wethersfield
2025-06-01,341.99693558355284,Wethersfield
2025-07-01,369.46013091975533,Wethersfield
2025-08-01,323.12307503147673,Wethersfield
2025-09-01,262.9143824798594,Wethersfield
2025-10-01,242.80455322619375,Wethersfield
2024-11-01,66.03327358909233,Willington
2024-12-01,64.62234853317145,Willington
2025-01-01,92.37460639441359,Willington
2025-02-01,89.37978047664123,Willington
2025-03-01,83.60823018976458,Willington
2025-04-01,70.40108526899186,Willington
2025-05-01,95.34722798504315,Willington
2025-06-01,91.35425133860846,Willington
2025-07-01,95.56474689692469,Willington
2025-08-01,84.78777590455957,Willington
2025-09-01,59.458296826715305,Willington
2025-10-01,60.170716607020736,Willington
2024-11-01,166.411278718618,Wilton
2024-12-01,155.92164473914724,Wilton
2025-01-01,201.78937062596964,Wilton
2025-02-01,202.9173530988072,Wilton
2025-03-01,168.48210585059434,Wilton
2025-04-01,147.84773893451765,Wilton
2025-05-01,215.42500394009704,Wilton
2025-06-01,218.028270502761,Wilton
2025-07-01,220.91425527256342,Wilton
2025-08-01,181.3345991955158,Wilton
2025-09-01,186.13493529973184,Wilton
2025-10-01,184.39259266347477,Wilton
2024-11-01,142.3365255493561,Winchester
2024-12-01,150.39456120429446,Winchester
2025-01-01,211.63563969840496,Winchester
2025-02-01,231.2753522985179,Winchester
2025-03-01,190.9388054104287,Winchester
2025-04-01,133.05557097479613,Winchester
2025-05-01,150.48132190027675,Winchester
2025-06-01,114.20482976378916,Winchester
2025-07-01,128.27076240362783,Winchester
2025-08-01,126.19632426505238,Winchester
2025-09-01,117.3256285686192,Winchester
2025-10-01,115.31882165361652,Winchester
2024-11-01,248.73030218229337,Windham
2024-12-01,290.7247787770115,Windham
2025-01-01,470.0341109591497,Windham
2025-02-01,427.9352129308196,Windham
2025-03-01,352.8399265227543,Windham
2025-04-01,220.50137963403088,Windham
2025-05-01,405.8317090627137,Windham
2025-06-01,458.40645231846196,Windham
2025-07-01,478.87573915700654,Windham
2025-08-01,433.02678549117786,Windham
2025-09-01,234.8647231565796,Windham
2025-10-01,231.22232363116737,Windham
2024-11-01,151.41036331762632,Windsor
2024-12-01,144.03554151036116,Windsor
2025-01-01,218.1214409309693,Windsor
2025-02-01,214.8999079335012,Windsor
2025-03-01,187.20952701536302,Windsor
2025-04-01,158.09930757429916,Windsor
2025-05-01,191.51942346822094,Windsor
2025-06-01,186.3908874885817,Windsor
2025-07-01,203.95489290659768,Windsor
2025-08-01,174.7100452978974,Windsor
2025-09-01,137.71011228574247,Windsor
2025-10-01,134.48652943081936,Windsor
2024-11-01,216.01206604337344,Wolcott
2024-12-01,214.23864128468927,Wolcott
2025-01-01,278.3258892086088,Wolcott
2025-02-01,302.77914356139763,Wolcott
2025-03-01,259.0873848148475,Wolcott
2025-04-01,192.62013785908292,Wolcott
2025-05-01,232.575237286005,Wolcott
2025-06-01,199.34410799667685,Wolcott
2025-07-01,219.0940397175631,Wolcott
2025-08-01,204.6678650797283,Wolcott
2025-09-01,181.8782511599727,Wolcott
2025-10-01,179.17781255918217,Wolcott
2024-11-01,75.40034779925035,Woodbridge
2024-12-01,72.23163417088013,Woodbridge
2025-01-01,78.99646440613742,Woodbridge
2025-02-01,85.93186887499392,Woodbridge
2025-03-01,67.09647988352503,Woodbridge
2025-04-01,54.76470862628007,Woodbridge
2025-05-01,71.80423119236332,Woodbridge
2025-06-01,57.3310612864185,Woodbridge
2025-07-01,65.30499721425514,Woodbridge
2025-08-01,60.11672367547021,Woodbridge
2025-09-01,55.66580111154953,Woodbridge
2025-10-01,58.37836025763015,Woodbridge
2024-11-01,116.95974928536371,Woodbury
2024-12-01,134.11107962992378,Woodbury
2025-01-01,172.57107019767838,Woodbury
2025-02-01,182.17912112741953,Woodbury
2025-03-01,146.39532534829416,Woodbury
2025-04-01,93.19329310332975,Woodbury
2025-05-01,115.09277603315854,Woodbury
2025-06-01,87.9036245418549,Woodbury
2025-07-01,101.49819908007589,Woodbury
2025-08-01,98.98377227226953,Woodbury
2025-09-01,90.89016264467247,Woodbury
2025-10-01,98.73078910101582,Woodbury
2024-11-01,91.6744818952262,Woodstock
2024-12-01,89.824806431778,Woodstock
2025-01-01,131.6915628446825,Woodstock
2025-02-01,131.57502126928404,Woodstock
2025-03-01,116.6974548195768,Woodstock
2025-04-01,91.7876071408243,Woodstock
2025-05-01,118.3661525815768,Woodstock
2025-06-01,112.2754751827932,Woodstock
2025-07-01,120.9569939113682,Woodstock
2025-08-01,100.37387848154248,Woodstock
2025-09-01,90.37545599656904,Woodstock
2025-10-01,88.68863006695548,Woodstock
2024-11-01,290.5021892449661,Ansonia
2024-12-01,285.5746558278093,Ansonia
2025-01-01,361.31905484802144,Ansonia
2025-02-01,379.4243668282643,Ansonia
2025-03-01,339.42808354320204,Ansonia
2025-04-01,282.21167616260476,Ansonia
2025-05-01,303.4073013088375,Ansonia
2025-06-01,264.5355816932745,Ansonia
2025-07-01,297.35572077629763,Ansonia
2025-08-01,303.91441773102497,Ansonia
2025-09-01,255.5775961846337,Ansonia
2025-10-01,264.5893099569014,Ansonia
2024-11-01,1915.8237624412325,Bridgeport
2024-12-01,1754.095845674146,Bridgeport
2025-01-01,2846.645201484066,Bridgeport
2025-02-01,2810.022457640402,Bridgeport
2025-03-01,2407.5278646121105,Bridgeport
2025-04-01,1916.8626903334623,Bridgeport
2025-05-01,2551.005255011954,Bridgeport
2025-06-01,2486.543244672368,Bridgeport
2025-07-01,2753.133425141008,Bridgeport
2025-08-01,2495.0788386385275,Bridgeport
2025-09-01,1736.8746449153018,Bridgeport
2025-10-01,1665.9491100120397,Bridgeport
2024-11-01,880.9482178736417,Bristol
2024-12-01,864.5999950165128,Bristol
2025-01-01,1181.6058416786955,Bristol
2025-02-01,1240.751417023332,Bristol
2025-03-01,1075.687913059834,Bristol
2025-04-01,875.0836887002404,Bristol
2025-05-01,896.885986357896,Bristol
2025-06-01,714.6462733378886,Bristol
2025-07-01,863.6183183542938,Bristol
2025-08-01,844.2660002489615,Bristol
2025-09-01,746.8588277129936,Bristol
2025-10-01,785.7987664106419,Bristol
2024-11-01,797.9667675485173,Danbury
2024-12-01,832.1092536204259,Danbury
2025-01-01,1375.3630582932203,Danbury
2025-02-01,1369.3988352431652,Danbury
2025-03-01,1183.2922130896945,Danbury
2025-04-01,947.8577868967129,Danbury
2025-05-01,1203.4893603903536,Danbury
2025-06-01,1205.7672782999243,Danbury
2025-07-01,1278.9724778712398,Danbury
2025-08-01,1093.6181159281443,Danbury
2025-09-01,868.902031738411,Danbury
2025-10-01,824.4186235384334,Danbury
2024-11-01,237.97310539636385,Derby
2024-12-01,248.58321273487104,Derby
2025-01-01,286.90212465067435,Derby
2025-02-01,295.61178244315767,Derby
2025-03-01,263.24237405773096,Derby
2025-04-01,237.60936803282564,Derby
2025-05-01,264.1257469224128,Derby
2025-06-01,228.85984380418515,Derby
2025-07-01,255.7577186830114,Derby
2025-08-01,255.72303717037494,Derby
2025-09-01,226.05826578670917,Derby
2025-10-01,233.2909806004105,Derby
2024-11-01,1571.43232065714,Hartford
2024-12-01,1353.364493059005,Hartford
2025-01-01,1986.2310731223229,Hartford
2025-02-01,1948.748207944027,Hartford
2025-03-01,1702.425849606275,Hartford
2025-04-01,1651.5725144742764,Hartford
2025-05-01,2012.4581608807362,Hartford
2025-06-01,2020.478976107667,Hartford
2025-07-01,2376.5794135723836,Hartford
2025-08-01,2176.325313354875,Hartford
2025-09-01,1454.8326625009322,Hartford
2025-10-01,1393.5146208774777,Hartford
2024-11-01,758.5976900486173,Meriden
2024-12-01,776.9684952785391,Meriden
2025-01-01,1091.4823893745809,Meriden
2025-02-01,1111.3169302838564,Meriden
2025-03-01,1012.1095041348343,Meriden
2025-04-01,901.632727350441,Meriden
2025-05-01,1040.478094198487,Meriden
2025-06-01,994.5823352879585,Meriden
2025-07-01,1051.854671616087,Meriden
2025-08-01,938.6040246587332,Meriden
2025-09-01,768.1849626349035,Meriden
2025-10-01,742.5873348650126,Meriden
2024-11-01,488.87355138102316,Middletown
2024-12-01,442.5911557582257,Middletown
2025-01-01,770.0979602502998,Middletown
2025-02-01,693.0867159785549,Middletown
2025-03-01,659.5777944518894,Middletown
2025-04-01,544.1839888574526,Middletown
2025-05-01,713.1505820308212,Middletown
2025-06-01,790.8711703494674,Middletown
2025-07-01,783.4254458016094,Middletown
2025-08-01,695.2849140496743,Middletown
2025-09-01,560.7672108884733,Middletown
2025-10-01,529.9297145174064,Middletown
2024-11-01,636.0289838950694,Milford
2024-12-01,616.1210718712962,Milford
2025-01-01,761.2906957098376,Milford
2025-02-01,785.5984497925949,Milford
2025-03-01,640.6151168455608,Milford
2025-04-01,544.0064987821285,Milford
2025-05-01,679.1362038584582,Milford
2025-06-01,533.5564692829544,Milford
2025-07-01,613.5665787175187,Milford
2025-08-01,593.2510341271704,Milford
2025-09-01,522.978088153659,Milford
2025-10-01,544.9250296001194,Milford
2024-11-01,446.0638917972776,Naugatuck
2024-12-01,433.5974435399757,Naugatuck
2025-01-01,635.4703330169384,Naugatuck
2025-02-01,630.8588565731686,Naugatuck
2025-03-01,575.4882324018165,Naugatuck
2025-04-01,494.2063878939226,Naugatuck
2025-05-01,548.5918472761205,Naugatuck
2025-06-01,523.7888874755366,Naugatuck
2025-07-01,589.2266904670201,Naugatuck
2025-08-01,527.1130309828533,Naugatuck
2025-09-01,407.0283907697934,Naugatuck
2025-10-01,396.32249400967606,Naugatuck
2024-11-01,869.0841298360662,New Britain
2024-12-01,867.8904833395442,New Britain
2025-01-01,1328.1125297916697,New Britain
2025-02-01,1323.5258631269614,New Britain
2025-03-01,1175.997552265338,New Britain
2025-04-01,1077.5741704750433,New Britain
2025-05-01,1260.1735203198998,New Britain
2025-06-01,1273.983571030701,New Britain
2025-07-01,1502.0637500588548,New Britain
2025-08-01,1307.7085858269754,New Britain
2025-09-01,892.1874816930936,New Britain
2025-10-01,859.6160778083464,New Britain
2024-11-01,1495.0604517939164,New Haven
2024-12-01,1225.3839369731138,New Haven
2025-01-01,1913.538469328315,New Haven
2025-02-01,1809.0542103863768,New Haven
2025-03-01,1524.0920997786168,New Haven
2025-04-01,1225.616301236382,New Haven
2025-05-01,1848.8977482041173,New Haven
2025-06-01,1956.8692721173422,New Haven
2025-07-01,2269.2948174275225,New Haven
2025-08-01,1922.717554765845,New Haven
2025-09-01,1432.727632037351,New Haven
2025-10-01,1395.9887202938148,New Haven
2024-11-01,316.2369262972266,New London
2024-12-01,290.9418627157669,New London
2025-01-01,389.4283349528783,New London
2025-02-01,390.07662248594124,New London
2025-03-01,342.7452646469949,New London
2025-04-01,326.26742785478314,New London
2025-05-01,460.3876366629592,New London
2025-06-01,455.35699030273713,New London
2025-07-01,460.35559519542744,New London
2025-08-01,385.2626758324173,New London
2025-09-01,315.45166726042015,New London
2025-10-01,314.89540567964673,New London
2024-11-01,938.4636706459439,Norwalk
2024-12-01,995.6563085396766,Norwalk
2025-01-01,1540.0510150409232,Norwalk
2025-02-01,1557.2331203667234,Norwalk
2025-03-01,1350.5085541635246,Norwalk
2025-04-01,1046.3232880423477,Norwalk
2025-05-01,1355.322555726354,Norwalk
2025-06-01,1288.7638180661402,Norwalk
2025-07-01,1339.5539432760456,Norwalk
2025-08-01,1146.2686502311,Norwalk
2025-09-01,1023.2657469378763,Norwalk
2025-10-01,968.6464723430006,Norwalk
2024-11-01,577.2247368078473,Norwich
2024-12-01,577.2247368078473,Norwich
2025-01-01,577.2247368078473,Norwich
2025-02-01,577.2247368078473,Norwich
2025-03-01,577.2247368078473,Norwich
2025-04-01,577.2247368078473,Norwich
2025-05-01,577.2247368078473,Norwich
2025-06-01,577.2247368078473,Norwich
2025-07-01,577.2247368078473,Norwich
2025-08-01,577.2247368078473,Norwich
2025-09-01,577.2247368078473,Norwich
2025-10-01,577.2247368078473,Norwich
2024-11-01,513.7848560121087,Shelton
2024-12-01,487.2716449823035,Shelton
2025-01-01,646.0035065234256,Shelton
2025-02-01,686.79174902359,Shelton
2025-03-01,549.4051386531378,Shelton
2025-04-01,458.0409502810805,Shelton
2025-05-01,553.4558001058269,Shelton
2025-06-01,452.19180252537876,Shelton
2025-07-01,537.3558064686033,Shelton
2025-08-01,525.9199379269786,Shelton
2025-09-01,434.7016191391191,Shelton
2025-10-01,450.5629888010148,Shelton
2024-11-01,1507.9671610976982,Stamford
2024-12-01,1491.7941554798178,Stamford
2025-01-01,2103.073689769803,Stamford
2025-02-01,2123.4212221424796,Stamford
2025-03-01,1871.5676502257636,Stamford
2025-04-01,1576.2500731598798,Stamford
2025-05-01,2056.850648838331,Stamford
2025-06-01,1943.7525836751831,Stamford
2025-07-01,2136.3685649796535,Stamford
2025-08-01,1906.2115944588725,Stamford
2025-09-01,1579.8986689483236,Stamford
2025-10-01,1505.2753660307167,Stamford
2024-11-01,343.2883705801711,Torrington
2024-12-01,329.941417215259,Torrington
2025-01-01,606.4940295959229,Torrington
2025-02-01,627.3340320817305,Torrington
2025-03-01,538.1917972438587,Torrington
2025-04-01,379.20807634037885,Torrington
2025-05-01,463.7704505878289,Torrington
2025-06-01,437.7057079897728,Torrington
2025-07-01,503.5322807136986,Torrington
2025-08-01,414.178942938403,Torrington
2025-09-01,299.2505043658025,Torrington
2025-10-01,290.2231809585636,Torrington
2024-11-01,1304.501282675566,Waterbury
2024-12-01,1259.5655316328412,Waterbury
2025-01-01,1883.4609733788743,Waterbury
2025-02-01,1882.5373769836604,Waterbury
2025-03-01,1691.8831543377196,Waterbury
2025-04-01,1314.1991131566958,Waterbury
2025-05-01,1796.480869673679,Waterbury
2025-06-01,1695.8059267887616,Waterbury
2025-07-01,1873.661407062454,Waterbury
2025-08-01,1637.1971297905877,Waterbury
2025-09-01,1250.721940483027,Waterbury
2025-10-01,1204.442753234777,Waterbury
2024-11-01,588.2463248487608,West Haven
2024-12-01,511.6169337174334,West Haven
2025-01-01,863.2460506084979,West Haven
2025-02-01,798.0807805435581,West Haven
2025-03-01,692.1343326776606,West Haven
2025-04-01,590.5635239699403,West Haven
2025-05-01,855.1223942777929,West Haven
2025-06-01,880.7048340884985,West Haven
2025-07-01,962.0497887296724,West Haven
2025-08-01,804.8820119608205,West Haven
2025-09-01,626.3193983780653,West Haven
2025-10-01,604.8019593536342,West Haven
